model,weight
attention_rank,0.23806347655196078
speaker_retrieval,0.16972505464483698
fusion_rbf,0.1590806823805089
residual,0.14140206054128293
cross_modal,0.13761977807268053
deberta_dual_view,0.10713396009591965
wavlm_finetuned,0.04697498771281023
speaker_ridge,3.217761886301329e-17
dual_text_ridge,1.688357317266224e-17
audio_ridge,1.37116653381591e-17
fusion_ridge,1.1718789776779143e-17
deberta_finetuned,9.167757092613404e-18
catboost,1.1148031048299582e-18
ordinal,4.735991637584528e-19
text_ridge,0.0
